tstart,tstop,ED,EDerr,ffd_x,ffd_y,ffd_xerr,ffd_yerr
2455964.9388337447,2455965.408803067,1369.46777432367,1.8759625466331535,3.136551817095222,-1.4368004257648248,0.0021345279260281897,1.0088120793450746
2455941.9101997004,2455942.2780062174,350.85607893210715,1.2390723164464497,2.545129005515822,-1.1357704301008436,0.00667348711937152,0.5772452022003457
2455912.894157033,2455913.200666549,347.18390174497813,1.2148800006108176,2.5405595795649085,-0.9596791710451623,0.005608376061752138,0.4251007099279294
2455980.7133962223,2455980.77469609,307.1061946950651,0.7423721356217929,2.487288576764626,-0.8347404344368624,0.0012103550483705838,0.34520434027001656
2455963.896727581,2455963.958027953,136.47863945583185,0.5773167056243492,2.1350646843995778,-0.737830421428806,0.002816726065507393,0.2951392130518884
2455936.1887582997,2455936.2704932755,117.0136266895331,0.6071389010309097,2.0682364399638598,-0.6586491753811812,0.0044217997001432955,0.26043744067635055
2455951.8613818036,2455951.9431161336,111.46640481683575,0.7568214487964442,2.047143993831375,-0.5917023857505679,0.004645524757868325,0.23475987879436833
2455915.489269448,2455915.5505712675,30.867602570360535,0.3684238539672791,1.489502899942225,-0.5337104387728812,0.0127091351424963,0.21486936050662833
