tstart,tstop,ED,EDerr,ffd_x,ffd_y,ffd_xerr,ffd_yerr
2455284.4576115496,2455284.6619398855,848.3518235806263,0.7166626985403309,2.9285759977191543,-1.847266873824271,0.001978456381663177,1.0088120793450746
2455324.7716105618,2455324.8533421373,504.8258644711547,0.8503487023673043,2.7031415976412716,-1.5462368781602898,0.0012971708947086295,0.5772452022003458
2455347.002724564,2455347.064023928,270.89566554763775,0.5462145482454508,2.4328020561819215,-1.3701456191046086,0.0018527378008332607,0.4251007099279294
2455343.896893075,2455343.93775915,223.03884650127486,0.3235734008189579,2.348380510365967,-1.2452068824963087,0.0014811718570216996,0.3452043402700165
2455346.7575270296,2455346.818826485,213.08283111994345,0.45928971356788617,2.3285484583943807,-1.1482968694882523,0.002382516554070507,0.2951392130518884
2455326.2019150113,2455326.22234804,80.23336725096046,0.16978309991547502,1.9043550191478293,-1.0691156234406274,0.0020976807312280445,0.2604374406763506
2455310.856818963,2455310.9181175,66.39898849808776,0.619378285243629,1.8221614635089074,-1.002168833810014,0.007866312669482664,0.2347598787943683
2455280.3710442786,2455280.4323427174,-976.7705591788836,0.6433796975861661,,-0.9441768868323275,0.000641398131941659,0.21486936050662833
2455281.474417585,2455281.5357161127,-1095.6732108841584,0.6908705746672145,,-0.8930243643849461,0.0005826324253458609,0.19893095188932108
