tstart,tstop,ED,EDerr,ffd_x,ffd_y,ffd_xerr,ffd_yerr
2455607.3712522704,2455607.452985085,1153.0653198189525,1.0391094937193393,3.0618539102725015,-1.890010996743849,0.0005603117636826992,1.0088120793450746
2455575.6382614686,2455575.658695017,279.1900519261813,0.2970697658687611,2.445899939486453,-1.5889810010798677,0.0005820934824352088,0.5772452022003458
2455552.3847196735,2455552.4051536,262.4301307614869,0.21369770126286855,2.419013696832477,-1.4128897420241864,0.0006262652801288996,0.42510070992792937
2455551.179123303,2455551.2199909827,125.37536226934606,0.3771644351017177,2.098212200914621,-1.2879510054158865,0.002970132592435818,0.3452043402700165
2455587.244479019,2455587.264912427,93.16189047399806,0.2847770642459712,1.9692382928091356,-1.19104099240783,0.0019627603511284744,0.29513921305188834
2455623.4725365327,2455623.492969656,83.59323467419651,0.21689281373575112,1.922171130757728,-1.1118597463602053,0.0021999155173031805,0.26043744067635055
2455569.3447157787,2455569.3651494035,69.74340053103671,0.2442030902965081,1.8435031187764175,-1.044912956729592,0.0026585624941273247,0.23475987879436833
2455567.8530601976,2455567.914361126,-1076.5449491448308,0.7227339709998403,,-0.9869210097519053,0.0006472967223412519,0.2148693605066283
